id,skill
0,Accompany individuals or groups to activities
1,Accounting software
2,"Act as an advocate or communicator regarding the cultural, diversity or accessibility needs of others"
3,Adjust dental devices or appliances to ensure fit
4,Adjust equipment controls to regulate coolant flow
5,Adjust equipment controls to regulate flow of liquids
6,Adjust equipment controls to regulate flow of production
7,Adjust equipment controls to regulate gas flow
8,Adjust equipment for optimal performance
9,Adjust fabrics or other materials during garment production or processing
10,Adjust flow of electricity to tools or production equipment
11,Adjust office equipment
12,Adjust patient positions
13,Adjust position of moulds during processing
14,Adjust prostheses or other assistive devices
15,Adjust routes or speeds as necessary
16,Adjust settings or positions of medical equipment
17,Adjust temperature controls of ovens or other heating equipment
18,Adjust tuning or functioning of musical instruments
19,Adjust vehicle components according to specifications
20,Administer anaesthetics or sedatives to control pain
21,Administer blood or other fluids intravenously
22,Administer cancer treatments
23,Administer compensation or benefits programs
24,Administer drug screening tests
25,Administer first aid
26,Administer health care or medical treatments
27,Administer insurance or compensation programs
28,Administer intravenous medications
29,Administer medical substances for imaging or other procedures
30,Administer medications or immunisations
31,Administer non-intravenous medications
32,Administer oaths to court participants
33,Administer staff recruitment or hiring activities
34,Administer standardised physical or psychological tests
35,Administer tests to assess educational needs or progress
36,Administer therapy treatments to patients
37,Administration of medical facility records and activities
38,"Advise athletes, coaches, or trainers on exercise regimens, nutrition, or equipment use"
39,Advise clients on security requirements and design security measures
40,Advise clients or community groups on health issues
41,Advise communities or institutions regarding health or safety issues
42,Advise customers on technical or procedural issues
43,Advise customers on the use of goods or services
44,"Advise educators on curricula, instructional methods or policies"
45,Advise on environmental conservation
46,Advise others about environmental management or conservation
47,Advise others about land management or conservation
48,Advise others on business or operational matters
49,Advise others on career or personal development
50,Advise others on educational and student wellbeing matters
51,"Advise others on farming or forestry operations, regulations or equipment"
52,Advise others on financial matters
53,Advise others on health and safety issues
54,Advise others on health care issues
55,Advise others on health care matters
56,Advise others on human resources topics
57,"Advise others on issues related to repairs, installation or equipment design"
58,Advise others on legal or regulatory compliance matters
59,Advise others on management of emergencies or hazardous situations or materials
60,Advise others on matters of public policy
61,Advise others on social or educational issues
62,Advise others on the development or use of new technologies
63,Advise others on ways to improve processes or products
64,Advise others regarding green practices or environmental concerns
65,Advise patients of health conditions or treatments
66,Advise real estate clients
67,Advise students on academic or career matters
68,Advocate for individual or community needs
69,Agriculture and animals
70,"Air, space, or watercraft guidance systems"
71,Align equipment or machinery
72,Align masonry materials
73,Align parts or work pieces for assembly
74,Analyse and evaluate documentation or technical information
75,Analyse and understand the local and national implications of proposed legislation
76,Analyse biological samples
77,"Analyse budgetary, accounting or business data"
78,Analyse business or financial data
79,Analyse chemical compounds or substances
80,Analyse consumer trends
81,Analyse crime scene evidence
82,Analyse data to assess operational or project effectiveness
83,Analyse data to determine effectiveness of treatments or therapies
84,Analyse data to determine project feasibility
85,Analyse data to identify or resolve operational problems
86,Analyse data to identify trends or relationships among variables
87,Analyse data to inform operational decisions or activities
88,Analyse data to inform staffing decisions
89,Analyse design or requirements information for mechanical equipment or systems
90,Analyse design requirements for computer or electronics systems
91,Analyse energy usage data
92,Analyse environmental data
93,Analyse financial information
94,Analyse financial records or reports to determine state of operations
95,Analyse financial records to improve budgeting or planning
96,Analyse financial records to improve efficiency
97,Analyse geological or geographical data
98,Analyse geological samples
99,Analyse health-related data
100,Analyse impact of legal or regulatory changes
101,Analyse industry trends
102,Analyse information obtained from news sources
103,"Analyse jobs using observation, survey or interview techniques"
104,Analyse laboratory findings
105,Analyse laboratory specimens to detect abnormalities or other problems
106,Analyse market conditions or trends
107,Analyse market data and trends
108,Analyse market or customer related data
109,Analyse market research data
110,Analyse medical data
111,Analyse medical research and data
112,Analyse operational data
113,Analyse operational or research data
114,Analyse patient data to determine patient needs or treatment goals
115,"Analyse physical, survey, or geographic data"
116,Analyse project data to determine specifications or requirements
117,Analyse quantitative data to determine effectiveness of treatments or therapies
118,Analyse risks related to investments in green technology
119,Analyse risks to minimise losses or damages
120,"Analyse security of systems, network or data"
121,Analyse shipping information to make routing decisions
122,Analyse test or performance data to assess equipment operation
123,Analyse test or validation data
124,Analyse test results
125,Analyse test results to inform diagnosis or treatment
126,Analyse website or related online data to track trends or usage
127,Analytical and scientific software
128,Answer customer questions about goods or services
129,Answer telephones to direct calls or provide information
130,Application and load testing software
131,Application server software
132,Apply adhesives to construction materials
133,"Apply bandages, dressings or splints"
134,Apply chemical solutions to plants for protection or to enhance growth
135,"Apply cleansing or conditioning agents to client hair, scalp or skin"
136,Apply decorative colouring to photographs or printed materials
137,Apply decorative masonry finishes
138,Apply decorative or textured finishes or coverings
139,"Apply dyes to fabrics, textiles or leather"
140,"Apply finishes to artwork, crafts, or displays"
141,Apply glazes or icing
142,Apply information technology to solve business or other applied problems
143,Apply knowledge or research findings to address environmental problems
144,"Apply knowledge, understanding and respect of culturally significant sites or objects"
145,Apply makeup
146,Apply material to fill gaps in surfaces
147,Apply mathematical models of financial or business conditions
148,Apply mathematical principles and develop modelling
149,Apply mathematical principles or statistical approaches to solve problems in scientific or applied fields
150,Apply mortar
151,Apply multiple teaching methods
152,Apply new technologies to improve work processes
153,Apply paint
154,Apply paint or finishes
155,Apply parting agents or other solutions to moulds
156,Apply protective or decorative finishes
157,Apply sealants or other protective coatings
158,Apply solutions to hair
159,Apply solutions to production equipment
160,Apply water or solutions to fabrics or apparel
161,Appraise environmental impact of regulations or policies
162,Appraise or evaluate properties
163,Appraise property values
164,Apprehend criminal suspects
165,Approve expenditures
166,Arbitrate disputes between parties to resolve legal conflicts
167,"Archiving, recording, and translating"
168,"Arrange artwork, products or props"
169,Arrange childcare or educational settings to ensure physical safety of children
170,Arrange collective bargaining agreements
171,Arrange delivery of goods or services
172,Arrange facility schedules
173,Arrange food for serving
174,Arrange insurance coverage
175,Arrange items for use or display
176,Arrange maintenance activities
177,Arrange physical or mental health services for clients
178,Arrange services or reservations for patrons
179,Arrange tables or dining areas
180,Art and entertainment
181,"Assemble electrical components, subsystems or systems"
182,Assemble electrical or electronic equipment
183,Assemble electromechanical or hydraulic systems
184,Assemble equipment or components
185,"Assemble, form and finish footwear"
186,Assemble garments or textile products
187,"Assemble machine tools, parts or fixtures"
188,Assemble mechanical components or machine parts
189,Assemble metal parts or products
190,Assemble metal structures
191,Assemble plastic or rubber parts or products
192,Assemble products or production equipment
193,Assemble structural components
194,Assemble temporary equipment or structures
195,Assemble wood products
196,Assess and advise on public opinions
197,Assess areas and conditions for risks and hazards
198,Assess characteristics of fires
199,Assess cleaning requirements
200,Assess compliance with environmental laws
201,Assess database performance
202,Assess educational needs of students
203,Assess equipment functioning
204,Assess financial status of clients
205,Assess individual or community needs for educational or social services
206,"Assess patient work, living or social environments"
207,Assess physical conditions of patients to aid in diagnosis or treatment
208,Assess requirements for cleaning or maintenance activities
209,Assess risks to business operations
210,Assess skin or hair conditions
211,"Assess the cost effectiveness of products, projects or services"
212,Assign class work to students
213,Assign duties or work schedules to employees
214,Assist and support clients
215,Assist clients in handling details of daily life
216,Assist customers to ensure comfort or safety
217,Assist customers with product selection
218,Assist customers with seating arrangements
219,Assist drivers or pedestrians
220,Assist health care practitioners during examinations or treatments
221,Assist health care practitioners during surgery
222,Assist health care practitioners for medical procedures
223,Assist individuals with accessibility needs
224,Assist individuals with accessibility needs
225,Assist individuals with paperwork
226,Assist machine operators
227,Assist other educational professionals with projects or research
228,Assist others
229,Assist passengers during vehicle boarding
230,Assist patients with daily activities
231,Assist patients with hygiene or daily living activities
232,Assist patrons with entering or exiting vehicles or other forms of transportation
233,Assist practitioners to perform medical procedures
234,Assist skilled construction or mining staff
235,Assist students with special educational needs
236,Assist with food or drink preparation
237,Assist with handling of horses
238,Attach decorative or functional accessories to products
239,"Attach identification information to products, items or containers"
240,Attach rigging to objects so they can be moved
241,Attend conferences or workshops to maintain professional knowledge
242,Attend educational events to update medical knowledge
243,Attend events to develop professional knowledge
244,"Attend receptions, dinners, and conferences to meet people, exchange views and information, and develop working relationships"
245,Attend training sessions or events to develop or maintain professional knowledge
246,Attend training to learn new skills or update knowledge
247,Audition
248,Audition for roles
249,Audition or interview potential performers or staff members
250,Authorise construction activities
251,Authorise financial actions
252,Authorise payments to settle legal disputes
253,Aviation and marine communication systems
254,Balance receipts
255,Barcode reading technologies
256,Bind products or materials
257,Block physical access to restricted areas
258,Bolt objects into place
259,"Break up rock, asphalt or concrete"
260,Build agricultural structures
261,Build construction forms or moulds
262,"Build models, patterns or templates"
263,Build or utilise forms or moulds
264,Build production moulds
265,Business intelligence and data analysis software
266,Business operations and financial activities
267,Calculate costs of goods or services
268,Calculate data to inform organisational operations
269,"Calculate dimensions of work pieces, products or equipment"
270,Calculate financial data
271,Calculate geographic positions from survey data
272,Calculate numerical data for medical activities
273,Calculate requirements for equipment installation or repair projects
274,Calculate shipping costs
275,"Calculate specific material, equipment or labour requirements"
276,Calculate tax information
277,"Calculate weights, volumes or other characteristics of materials"
278,Calibrate equipment
279,Calibrate scientific or technical equipment
280,Capture or kill animals
281,Capture or kill animals
282,Care for animals
283,Care for patients and clients
284,Care for patients and clients using psychological therapies and supports
285,Care for patients recovering from injury and illness
286,Care for patients with disabilities to live more independently
287,Care for patients with mental illnesses
288,Care for women during pregnancy and childbirth
289,Cast moulds of patient anatomies to create medical or dental devices
290,Check data for recording errors
291,Check physical condition of people or animals
292,Check quality of diagnostic images
293,Check quality of foods or supplies
294,Choose optimal transportation routes or speeds
295,Choreograph dances
296,Choreograph or perform dances
297,Classify materials according to standard systems
298,Classify organisms based on their characteristics or behaviour
299,"Clean carpet, rugs, upholstery or drapery"
300,Clean equipment or facilities
301,Clean equipment or supplies
302,"Clean equipment, tools, or work pieces"
303,Clean facilities or sites
304,Clean facilities or work areas
305,"Clean food preparation areas, facilities or equipment"
306,Clean food service areas
307,Clean furniture or fixtures
308,Cleaning and maintenance
309,Clean machinery or equipment
310,Clean materials to prepare them for production
311,Clean medical equipment
312,Clean medical equipment or facilities
313,Clean medical equipment or facilities
314,Clean objects
315,"Clean or prepare garments, linen, or other fabrics"
316,"Clean or repair equipment, parts or tools"
317,Clean patient rooms or patient treatment rooms
318,Clean production equipment
319,Clean surfaces before commencing work
320,Clean tableware
321,Clean toilet and bathroom areas
322,Clean tools or equipment
323,Clean vehicles or vehicle components
324,Clean walls or flooring
325,Clean windows or glass surfaces
326,Clean work areas
327,"Clean work areas, buildings and facilities"
328,Clean work areas or dispose of waste
329,Clean work areas or facilities
330,Clean work pieces or finished products
331,Clean work sites
332,Clear equipment jams
333,Climb ladders or vehicles to perform duties
334,Clinical coding and classification software
335,Coach others
336,Coach others
337,Code data or other information
338,Collaborate and advise on educational and technical issues
339,Collaborate on research activities with scientists or technical specialists
340,Collaborate with health care professionals
341,Collaborate with health care professionals to plan or provide treatment
342,Collaborate with law enforcement or security agencies to respond to incidents
343,Collaborate with other agencies and institutions to coordinate educational matters
344,Collaborate with other law enforcement or security agencies to share information
345,Collaborate with other professionals to assess client needs or plan treatments
346,Collaborate with other professionals to develop education or assistance programs
347,Collaborate with others in marketing activities
348,Collaborate with others to determine design specifications or details
349,Collaborate with others to determine production details
350,Collaborate with others to determine technical details of productions
351,Collaborate with others to develop or implement marketing strategies
352,Collaborate with others to develop or refine designs
353,Collaborate with others to prepare or perform artistic productions
354,Collaborate with others to resolve information technology issues
355,Collaborate with other teaching professionals to develop educational programs
356,Collaborate with stakeholders
357,Collaborate with technical specialists to resolve design or development problems
358,Collate or assemble product orders
359,Collect archival data
360,Collect biological specimens
361,Collect biological specimens from patients
362,Collect data about customer needs
363,Collect data about project sites
364,"Collect deposits, payments or fees"
365,Collect dirty dishes or other tableware
366,"Collect, document and communicate medical information"
367,Collect environmental data or samples
368,Collect evidence for legal proceedings
369,Collect fares or payment from customers
370,Collect geographical or geological field data
371,Collect geological samples
372,Collect information about clients
373,Collect information about community health needs
374,Collect information from people
375,"Collect information from people through observation, interviews or surveys"
376,"Collect medical information from patients, family members or other medical professionals"
377,Collect or analyse land surveys and geographics data
378,Collect payments for goods or services
379,Collect samples and analyse results
380,Collect samples for analysis or testing
381,Collect samples of materials or products for testing
382,Collect samples of raw materials or finished products
383,Communicate and collaborate
384,Communicate detailed medical information to patients or family members
385,Communicate health and wellness information to the public
386,Communicate order details to kitchen staff
387,Communicate organisational information to customers or other stakeholders
388,Communicate organisational policies and procedures
389,Communicate patient status to other health practitioners
390,Communicate project information to others
391,Communicate results of environmental research
392,Communicate safety or hazard information to others
393,Communicate situation details to appropriate personnel
394,"Communicate technical information to suppliers, contractors or regulatory agencies"
395,Communicate test or assessment results to medical professionals
396,"Communicate with clients about products, procedures and policies"
397,Communicate with colleagues
398,Communicate with constituents and keep abreast of the issues affecting them
399,Communicate with co-workers to coordinate installations or repairs
400,Communicate with customers to resolve complaints or ensure satisfaction
401,Communicate with government agencies
402,Communicate with management or other staff to resolve problems
403,Communicate with other construction or mining staff to discuss project details
404,Communicate with others to coordinate activities
405,Communicate with others to coordinate material handling or movement
406,Communicate with others to coordinate vehicle movement
407,Communicate with others to coordinate work
408,Communicate with the public on environmental issues
409,Communicate work orders or plans to co-workers
410,Communication and collaboration
411,Compact materials to create level bases
412,Compare physical characteristics of materials or products to specifications or standards
413,Compile data or documentation
414,Compile environmental or climate data
415,Compile geographic or related data
416,Compile operational data
417,Compile specialised bibliographies or lists of materials
418,Compile technical information or documentation
419,Complete documentation required by programs or regulations
420,Compute debt repayment schedules
421,Compute gaming wins and losses
422,Computer aided design CAD software
423,Computer based training software
424,Computer system software
425,Conduct amusement or gaming activities
426,Conduct anthropological or archaeological research
427,Conduct climate research
428,Conduct diagnostic tests to determine patient health
429,Conduct eligibility or selection interviews
430,Conduct employee training programs
431,Conduct financial audits
432,Conduct financial or regulatory audits
433,Conduct financial transactions or processes
434,Conduct gaming transactions
435,Conduct health or safety training programs
436,Conduct hearings to investigate legal issues
437,Conduct historical research
438,Conduct legal cyberattack simulations by designing and utilising hacking tools
439,Conduct market research
440,Conduct opinion surveys or needs assessments
441,Conduct quantitative failure analyses of operational data
442,Conduct research of processes in natural or industrial ecosystems
443,Conduct research on social issues
444,Conduct research to gain information about products or processes
445,Conduct research to increase knowledge about medical issues
446,"Conduct research to inform art, designs or other work"
447,Conduct sales and marketing activities
448,Conduct scientific research of organisational behaviour or processes
449,Conduct surveys in organisations
450,Conduct test runs of production equipment
451,Conduct validation tests of equipment or processes
452,Confer with clients to determine needs
453,Confer with clients to discuss treatment plans or progress
454,Confer with clients to exchange information
455,Confer with colleagues to formulate positions and strategies pertaining to pending issues
456,Confer with court staff to clarify information
457,Confer with co-workers or internal stakeholders to coordinate operational activities
458,Confer with co-workers to resolve equipment problems
459,Confer with customers or designers to determine order specifications
460,Confer with customers or users to assess problems
461,Confer with family members to discuss client treatment plans or progress
462,Confer with managers to make operational decisions
463,Confer with other professionals to plan patient care
464,Confer with others about financial matters
465,Confer with other staff to resolve design or operational problems
466,Confer with others to conduct or arrange operational activities
467,Confer with others to coordinate maintenance or cleaning activities
468,Confer with others to resolve production problems or equipment malfunctions
469,Confer with peers to accomplish work
470,Confer with staff to coordinate business operations
471,Confer with technical staff to prepare designs or operational plans
472,Configuration management software
473,Configure computer networks
474,Confiscate prohibited or dangerous items
475,Connect cables or electrical lines
476,Connect electrical components or equipment
477,Connect hoses to equipment or machinery
478,Connect supply lines to production equipment or tools
479,Construct customised assistive medical or dental devices
480,"Construct distinctive physical objects for artistic, functional or commercial purposes"
481,Construct exhibits or parts of exhibits
482,Construction
483,"Construct patterns, templates or other work aids"
484,Consult with others regarding health and safety associated with equipment or facilities
485,Contact current or potential customers to promote goods or services
486,Content workflow software
487,Control equipment that regulates vehicle traffic
488,Control plant pests or diseases
489,Control power supply connections
490,Control prescription refills or authorisations
491,Control pumps or pumping equipment
492,Convert data among multiple digital or analogue formats
493,Cook foods
494,Coordinate activities of food service staff
495,Coordinate activities of production staff
496,Coordinate activities or logistics
497,"Coordinate activities with suppliers, contractors, clients, or other departments"
498,Coordinate and administer community or social service programs
499,Coordinate artistic activities
500,Coordinate athletic or sporting events or activities
501,Coordinate construction or installation activities
502,Coordinate construction project activities
503,Coordinate cross-disciplinary research programs
504,Coordinate design activities
505,Coordinate flight control or management activities
506,Coordinate food preparation
507,Coordinate food service activities
508,Coordinate legal schedules or activities
509,Coordinate logistics for productions or events
510,Coordinate logistics or other business operations
511,Coordinate musical rehearsals or performances
512,Coordinate operational activities
513,Coordinate operational activities with external stakeholders
514,Coordinate project activities with other staff or departments
515,Coordinate recreational activities or special events
516,Coordinate recruitment activities
517,Coordinate regulatory documentation activities
518,Coordinate reporting or editing activities
519,Coordinate resource procurement activities
520,Coordinate safety or regulatory compliance activities
521,Coordinate sales campaigns
522,Coordinate shipping activities with external parties
523,Coordinate software or hardware installation
524,Coordinate special events or programs
525,Coordinate student extracurricular activities
526,Coordinate with external parties to exchange information
527,Correspond with customers to answer questions or resolve complaints
528,Cost modelling software
529,Counsel clients on mental health or personal achievement
530,Counsel clients or patients regarding personal issues
531,Counsel clients or patients with substance abuse issues
532,Counsel clients regarding educational or vocational issues
533,Counsel clients regarding interpersonal issues
534,Counsel family members of clients or patients
535,Count finished products or work pieces
536,Count finished products or work pieces
537,Count prison staff or people in prison
538,Create advanced digital images of patients using computer imaging systems
539,Create and update databases
540,Create computer-generated graphics or animation
541,Create construction or installation diagrams
542,Create databases to store electronic data
543,Create diagrams or blueprints for work pieces or products
544,Create electrical schematics
545,Create electronic data backup to prevent loss of information
546,Create graphical representations of civil structures
547,Create graphical representations of energy production systems
548,Create graphical representations of industrial production systems
549,Create graphical representations of mechanical equipment
550,"Create graphical representations of structures, landscapes or aquatic systems"
551,Create holes in earth or rock
552,"Create images of data, locations or products"
553,Create images or other visual displays
554,Create images or representations
555,Create maps
556,Create marketing materials
557,Create models of engineering designs or methods
558,"Create musical compositions, arrangements or scores"
559,Create new recipes
560,Create or manage artistic productions
561,Create or perform music
562,Create physical models or prototypes
563,Create schematic drawings for electronics
564,Create technology-based learning materials
565,"Cultivate and maintain lawns, plants and gardens"
566,Cultivate land
567,"Cultivate micro-organisms for study, testing or medical preparations"
568,Customer relationship management CRM software
569,Customer service
570,Customise financial goods or services to meet customer needs
571,"Cut carpet, vinyl or other flexible materials"
572,"Cut fabrics, textiles, leather or hide"
573,Cut foods
574,Cut glass
575,Cut industrial materials in preparation for fabrication or processing
576,Cut materials according to specifications or needs
577,Cut meat products
578,Cut metal components
579,Cut openings in existing structures
580,Cut or replace glass
581,"Cut tile, stone or other masonry materials"
582,Cut trees or logs
583,Cut wood components
584,"Data, analytics, and databases"
585,Database management software
586,Database reporting software
587,Database user interface and query software
588,Data conversion software
589,Data mining software
590,Decontaminate equipment or sites
591,Decorate food items
592,Decorate indoor or outdoor spaces
593,Decorate indoor or outdoor spaces
594,Define and survey property boundaries
595,"Deliver culturally appropriate programs, policies or services"
596,"Deliver inclusive and accessible programs, policies or services"
597,Deliver items
598,Deliver promotional presentations to current or prospective customers
599,Demonstrate activity techniques or equipment use
600,Demonstrate products to consumers
601,Design alternative energy systems
602,Design and plan outdoor layouts
603,Design civil structures or systems
604,Design computer modelling or simulation programs
605,Design control systems for mechanical or other equipment
606,Design costumes or cosmetic effects for characters
607,Design costumes or jewellery
608,"Design diagrams, models and templates"
609,Design electrical equipment or systems
610,Design electromechanical equipment or systems
611,Design electronic or computer equipment or instrumentation
612,Design energy efficient equipment or systems
613,Design energy production or management equipment or systems
614,Design environmental control systems
615,Design furniture
616,Design industrial equipment
617,Design industrial processing systems
618,Design integrated computer systems
619,Design jewellery or decorative objects
620,"Design layout of art or product exhibits, displays or promotional materials"
621,Design layouts for print publications
622,"Design, make or install electrical systems and equipment"
623,Design medical devices or appliances
624,Design or assemble equipment and systems
625,Design or create graphical representations of production systems
626,Design or install sustainable processes and systems
627,Design psychological or educational treatment procedures or programs
628,Design public or employee health programs
629,"Design, repair or fabricate medical equipment"
630,Design research studies to obtain scientific information
631,Design structures or facilities
632,Design templates or patterns
633,"Design tools, fixtures or other devices for production equipment"
634,Design water conservation systems
635,Design websites or applications
636,Detain suspects or witnesses
637,Determine appropriate locations for operations or installations
638,Determine appropriate methods for data analysis
639,Determine causes of operational problems or failures
640,Determine construction project layouts
641,Determine design criteria or specifications
642,Determine food or drink production methods
643,Determine forestry techniques or methods
644,Determine geographic coordinates
645,Determine metal production methods
646,Determine methods to minimise environmental impact of activities
647,Determine operational compliance with regulations or standards
648,Determine operational criteria or specifications
649,Determine operational methods
650,Determine operational procedures
651,Determine plastic or rubber production methods
652,Determine plastic production methods
653,Determine presentation subjects or content
654,Determine prices for menu items
655,Determine pricing or monetary policies
656,Determine production equipment settings
657,Determine project materials and presentation
658,Determine protocols for medical procedures
659,Determine resource needs
660,Determine technical requirements of productions or projects
661,Determine the value of goods or services
662,"Determine types of equipment, tools, or materials needed for jobs"
663,Determining and configuring equipment and components
664,Develop agricultural methods
665,Develop and administer testing routines or procedures
666,Develop and distribute marketing material
667,Develop and fit medical assistive devices
668,Develop and maintain emergency plans
669,Develop and review technical designs and processes
670,"Develop artistic or design concepts for decoration, exhibition or commercial purposes"
671,Develop biological research methods
672,Develop business or financial information systems
673,Develop business or market strategies
674,Develop business or market strategies
675,Develop business relationships
676,Develop collaborative relationships between departments or with external organisations
677,Develop computer or information security policies or procedures
678,Develop content for sales presentations or other materials
679,Develop contingency plans to deal with organisational emergencies
680,Develop daily schedules for children or families
681,Develop data analysis or data management procedures
682,Develop database parameters or specifications
683,Develop detailed project plans
684,Develop diagrams or flow charts of system operation
685,"Develop educational goals, standards, policies or procedures"
686,Develop educational materials and programs
687,Develop educational or training programs
688,Develop educational policies
689,Develop educational programs
690,Develop emergency procedures
691,Develop environmental remediation or protection plans
692,Develop environmental research methods
693,Develop environmental sustainability plans or projects
694,Develop equipment or component configurations
695,Develop exercise or conditioning programs
696,Develop financial analysis methods
697,Develop financial or business plans
698,Develop financial plans for clients
699,"Develop, follow and ensure compliance with health care quality and safety procedures"
700,Develop guidelines for system implementation
701,Develop health assessment methods or programs
702,Develop health care quality and safety procedures
703,"Develop, implement and monitor educational policies, standards or programs"
704,Develop information communication procedures
705,Develop instructional materials
706,Develop instructional objectives
707,Develop library or archival databases
708,Develop marketing plans
709,Develop marketing plans or strategies
710,Develop marketing plans or strategies for environmental initiatives
711,Develop mathematical models of environmental conditions
712,Develop medical treatment plans
713,Develop methods of social or economic research
714,Develop models of information or communications systems
715,Develop new or advanced products or production methods
716,"Develop operating strategies, plans or procedures"
717,"Develop operating strategies, plans or procedures for green or sustainable operations"
718,"Develop operational strategies, plans or procedures"
719,Develop or evaluate projects or designs
720,Develop organisational goals or objectives
721,Develop organisational methods or procedures
722,Develop organisational policies or programs
723,Develop patient therapy programs
724,Develop performance metrics or standards related to information technology
725,Develop plans for programs or services
726,Develop plans to manage natural or renewable resources
727,"Develop policies or procedures for archives, museums or libraries"
728,Develop pricing forecasts and models
729,Develop procedures for communications and data management
730,Develop procedures for data entry or processing
731,Develop procedures for data management
732,Develop procedures to evaluate organisational activities
733,Develop professional relationships or networks
734,"Develop programs, policies or services that are culturally appropriate"
735,Develop promotional materials
736,Develop promotional strategies for religious organisations
737,Develop promotional strategies or plans
738,Develop proposals for current or prospective customers
739,"Develop safety standards, policies or procedures"
740,Develop scientific or mathematical models
741,Develop software applications
742,Develop software or applications for scientific or technical use
743,Develop specifications for computer network operation
744,Develop specifications for new products or processes
745,Develop specifications or procedures for website development or maintenance
746,Develop strategies or programs for students with accessibility needs
747,Develop surveying and land information systems
748,Develop sustainable industrial or development methods
749,Develop sustainable organisational policies or practices
750,Develop technical methods or processes
751,Develop technical or scientific databases
752,Develop technical specifications for systems or equipment
753,Develop testing routines or procedures
754,Develop theories or models of physical phenomena
755,Develop theories or models of social phenomena
756,Develop tools to diagnose or assess needs
757,Develop training materials
758,Develop treatment plans for patients or clients
759,Develop treatment plans for patients or clients
760,Develop treatment plans that use non-medical therapies
761,Develop websites or software
762,Develop working relationships with others to facilitate program activities
763,Devise research or testing protocols
764,Diagnose dental conditions
765,Diagnose equipment malfunctions
766,Diagnose medical conditions
767,Diagnose medical conditions and prescribe treatments
768,Diagnose neural or psychological disorders
769,Diagnostic and medical Imaging software
770,Dig holes or trenches
771,Digital technologies and electronics
772,"Direct activities of agricultural, forestry or fishery employees"
773,Direct activities of staff
774,Direct administrative or support services
775,Direct construction activities
776,Direct construction or mining staff
777,Direct courtroom activities or procedures
778,Direct criminal investigations
779,Direct department activities
780,Direct design or development activities
781,Direct emergency management activities
782,Direct energy production or management activities
783,Direct environmental development activities
784,Direct equipment maintenance or repair activities
785,Direct facility maintenance or repair activities
786,Direct financial operations
787,Direct fundraising or financing activities
788,Direct funeral or mortuary activities
789,Direct health care delivery programs
790,Direct industrial production activities
791,Direct installation activities
792,Direct maintenance or repair activities
793,Direct material handling or moving activities
794,Direct medical or health care programs
795,Direct medical science or health care programs
796,Direct natural resources management or conservation programs
797,Direct natural resources mining projects
798,Direct operational or production activities
799,Direct operational or production activities
800,Direct operations of correctional facilities
801,Direct or advise on agricultural matters
802,Direct or drive passenger vehicles
803,"Direct organisational operations, projects or services"
804,Direct passenger or freight transport activities
805,Direct productions or performances
806,Direct quality control activities
807,"Direct sales, marketing or customer service activities"
808,Direct scientific activities
809,Direct security operations
810,Direct surveying activities
811,Direct technical activities or operations
812,Direct vehicle traffic
813,Disassemble equipment for maintenance or repair
814,Disassemble equipment to inspect for deficiencies
815,Disburse funds from clients' accounts to creditors
816,Discuss account status or activity with customers or patrons
817,"Discuss business strategies, practices or policies with managers"
818,Discuss child development and behaviour with parents or guardians
819,Discuss child learning or development with parents or guardians
820,Discuss design or technical features of goods or services with technical staff
821,Discuss designs or plans with clients
822,Discuss goods or services information with customers or patrons
823,"Discuss performance, complaints or violations with supervisors"
824,Discuss problems or issues with supervisors
825,Discuss production content and progress with others
826,Discuss service options or needs with clients
827,Discuss student progress with parents or guardians
828,Dismantle equipment or temporary structures
829,Dismantle heavy equipment or machinery
830,Display student work
831,Dispose of biomedical waste in accordance with standards
832,Dispose of hazardous waste
833,Dispose of rubbish or waste materials
834,Dispose of waste and remove materials from work sites
835,Distribute incoming mail
836,Distribute instructional or library materials
837,Distribute materials to employees or customers
838,Distribute promotional literature or samples to customers
839,Distribute resources to patrons or employees
840,Distribute supplies to workers
841,"Distribute, write, edit or compile documents"
842,Document client health or progress
843,Document design or development procedures
844,Document design or operational test results
845,"Document events or evidence, using photographic or audio-visual equipment"
846,Document information related to legal proceedings
847,Document legal or regulatory information
848,Document lesson plans
849,Document management software
850,Document network-related activities or tasks
851,Document operational activities
852,Document operational procedures
853,Document organisational or operational procedures
854,Document technical design details
855,Document technical specifications or requirements
856,Document test results
857,Document work hours or activities
858,Download data
859,Draft legislation or regulations
860,Draw detailed or technical illustrations
861,Draw guide lines or markings on materials or work pieces using patterns or other references
862,Drill holes in construction materials
863,Drill holes in earth or rock
864,"Drill holes in parts, equipment or materials"
865,Drive mobile plants on roads or work sites
866,Drive passenger vehicles
867,Drive trucks or truck-mounted equipment
868,"Drive vehicles to, or at, work sites"
869,Drive vehicles to transport individuals or equipment
870,Drive vehicles to transport patrons
871,"Edit audio, photographs or video recordings"
872,Edit documents
873,Edit written materials
874,Educate clients on financial planning topics
875,Educate the public about fire safety or prevention
876,Electrical and electronic systems measurement instruments
877,Embalm corpses
878,Employ appropriate wool or fleece handling techniques
879,Encourage patients during therapeutic activities
880,Encourage patients or clients to develop life skills
881,Encourage students
882,Enforce or maintain security
883,Enforce rules or policies governing student behaviour
884,Enforce rules or regulations
885,Engage patients in exercises or activities
886,"Engrave or etch designs, text or other markings onto materials, work pieces or products"
887,"Ensure passenger compliance with vehicle safety, regulations and standards"
888,"Ensure safe meat, dairy or produce storage"
889,Enter codes or other information into computers
890,"Enter commands, instructions, or specifications into equipment"
891,Enter information into databases or software programs
892,Enter patient or treatment data into computers
893,Enterprise application integration software
894,Enterprise resource planning ERP software
895,Enterprise system management software
896,Entertain public with performances
897,Entertain the public with creative performance
898,Environmental impact reduction planning
899,Environmental management
900,"Escort people in prison to courtrooms, prisons, or other facilities"
901,Establish business management methods
902,Establish interpersonal business relationships to facilitate work activities
903,Establish medical standards and protocols
904,Establish nursing policies or standards
905,Establish operational policies
906,Establish organisational guidelines or policies
907,Establish organisational policies or programs
908,Establish rules or policies governing student behaviour
909,Establish standards for medical care
910,"Establish standards for products, processes or procedures"
911,Establish treatment goals
912,Estimate construction project costs
913,Estimate construction project labour requirements
914,Estimate cost or material requirements
915,Estimate costs for labour or materials
916,Estimate costs for projects or productions
917,Estimate costs of goods or services
918,Estimate costs of goods or services
919,"Estimate costs of goods, services or materials"
920,Estimate costs or terms of sales
921,Estimate demand for goods or services
922,Estimate green project costs
923,"Estimate labour, materials and project costs"
924,"Estimate labour or resource requirements for forestry, fishing or agricultural operations"
925,Estimate labour requirements
926,Estimate maintenance service requirements or costs
927,Estimate material requirements for production
928,Estimate materials requirements for projects
929,Estimate operational costs
930,"Estimate supplies, ingredients or staff requirements for food preparation activities"
931,Estimate technical or resource requirements for development or production projects
932,Estimate time or monetary resources needed to complete projects
933,Estimate time requirements for development or production projects
934,Evaluate applicable laws and regulations to determine impact on organisational activities
935,Evaluate capabilities of athletes or performers
936,Evaluate capabilities or training needs
937,Evaluate characteristics of archival or historical objects
938,Evaluate characteristics of equipment or systems
939,Evaluate characteristics of individuals to determine needs or eligibility
940,Evaluate characteristics of products
941,Evaluate civic projects or public policies
942,Evaluate condition of properties
943,Evaluate construction projects to determine compliance with external standards or regulations
944,Evaluate data quality
945,Evaluate designs or specifications to ensure quality
946,Evaluate effectiveness of educational programs
947,Evaluate effectiveness of staff policies or practices
948,Evaluate employee performance
949,Evaluate environmental impact of operational or development activities
950,Evaluate environmental or sustainability projects
951,Evaluate green operations or programs for compliance with standards or regulations
952,Evaluate information related to legal matters in public or personal records
953,Evaluate logistics methods to reduce environmental impact
954,Evaluate log quality
955,Evaluate new technologies or methods
956,"Evaluate patient functioning, capabilities or health"
957,Evaluate patient outcomes to determine effectiveness of treatments
958,"Evaluate performance of applicants, trainees or employees"
959,Evaluate performance of educational staff
960,Evaluate physical or chemical characteristics of material
961,Evaluate plans or specifications to determine technological or environmental implications
962,"Evaluate potential of products, technologies or resources"
963,Evaluate potential problems in home or work environments of clients
964,Evaluate program effectiveness
965,Evaluate project designs to determine adequacy or feasibility
966,Evaluate projects to determine compliance with technical specifications
967,"Evaluate quality of food, drinks or ingredients"
968,Evaluate quality of materials or products
969,Evaluate quality or condition of plants or crops
970,Evaluate reports or designs to determine work needs
971,Evaluate scholarly materials
972,Evaluate skills of athletes or performers
973,Evaluate staff practices to ensure adherence to regulations
974,Evaluate student work
975,Evaluate technical data to determine effect on designs or plans
976,Evaluate the characteristics of green technologies
977,Evaluate the effectiveness of counselling or educational programs
978,"Evaluate the structure, efficiency, activities, and performance of government agencies"
979,"Evaluate training programs, instructors or materials"
980,Evaluate treatment options to guide medical decisions
981,Evaluate utility of software or hardware technologies
982,"Examine animals to detect illness, injury or other problems"
983,Examine characteristics or behaviour of living organisms
984,Examine condition of property or products
985,Examine crime scenes to obtain evidence
986,Examine debris to obtain information about causes of fires
987,Examine documents to verify adherence to requirements
988,Examine financial records
989,Examine financial records or processes
990,Examine financial records to ensure compliance with policies or regulations
991,Examine marketing materials to ensure compliance with policies or regulations
992,Examine medical instruments or equipment to ensure proper operation
993,"Examine mouth, teeth, gums or related facial structures"
994,Examine patients to assess general physical condition
995,Examine personal documentation to ensure that it is valid
996,Examine physical characteristics of gemstones or precious metals
997,Examine records or other types of data to investigate criminal activities
998,Exchange information with colleagues
999,Execute sales or other financial transactions
1000,"Explain engineering drawings, specifications or other technical information"
1001,Explain financial information to customers
1002,Explain medical information and procedures
1003,Explain medical procedures or test results to patients or family members
1004,Explain project details to the general public
1005,"Explain regulations, policies or procedures"
1006,Explain technical medical information to patients
1007,Explain technical product or service information to customers
1008,Explain use of goods or services
1009,Explain use of products or services
1010,"Fabricate, assemble or install components"
1011,Fabricate fibreglass products or materials
1012,Fabricate medical devices
1013,Fabricate parts or components
1014,Fabricate products or components using machine tools
1015,Facilities management software
1016,"Fashion, grooming, and cosmetics"
1017,Feed materials or products into or through equipment
1018,Feed patients
1019,File documents or records
1020,File storage technologies
1021,File versioning software
1022,"Fill cracks, imperfections or holes in products or work pieces"
1023,Financial analysis software
1024,Financial and commodities services software
1025,Finish and tan leather
1026,Finish concrete surfaces
1027,Fit eyeglasses and optical aides
1028,"Fit eyeglasses, contact lenses or other vision aids"
1029,Fit lenses and other optical elements into products
1030,Fit patients for assistive devices
1031,Follow protocols or regulations for health care activities
1032,Follow safety procedures for vehicle operation
1033,Food services
1034,"Forecast economic, political or social trends"
1035,"Format digital documents, data or images"
1036,Garnish food
1037,Gather and analyse information
1038,Gather customer or product information to determine customer needs
1039,Gather financial records
1040,Gather information for news stories
1041,Gather information in order to provide services to clients
1042,Gather medical information from patient histories
1043,Gather organisational performance information
1044,Gather physical survey data
1045,Give medications or immunisations
1046,GPS receivers
1047,Grade or classify agricultural produce
1048,Graphics or photo imaging software
1049,"Greet customers, patrons or visitors"
1050,Grind parts
1051,Groom wigs or hairpieces
1052,Guard facilities
1053,Guide class discussions
1054,Guide patrons on tours
1055,Handle caskets and coffins
1056,Handle luggage or other possessions for patrons
1057,Harvest agricultural products
1058,Health and care
1059,"Hear testimony from constituents, representatives of interest groups, board and commission members, and others with an interest in bills or issues under consideration"
1060,Heat material or work pieces to prepare for or complete production
1061,Help clients get needed services or resources
1062,Help patrons use library or archival resources
1063,"Hire farming, fishing or forestry workers"
1064,Hire staff
1065,Hold patients to ensure proper positioning or safety
1066,Host events
1067,Human resources
1068,Human resources software
1069,"ICT support, design and management"
1070,Identify and recommend investments to clients
1071,Identify environmental concerns
1072,Identify implications for cases from legal precedents or other legal information
1073,Identify information technology project resource requirements
1074,Identify investment opportunities or strategies
1075,Identify new applications for existing technologies
1076,Identify opportunities for green initiatives
1077,Identify opportunities to improve operational efficiency
1078,Identify plant species and features
1079,Identify potential customers
1080,Identify security threats and determine counter measures
1081,Identify strategic business investment opportunities
1082,Ignite fuel to activate heating equipment
1083,Immerse objects or work pieces in cleaning or coating solutions
1084,Immunise patients
1085,Implement advanced life support techniques
1086,Implement advertising or marketing initiatives
1087,Implement design or process improvements
1088,Implement financial decisions
1089,Implement organisational process or policy changes
1090,Implement security measures for computer or information systems
1091,Implement transportation changes to reduce environmental impact
1092,Improve operational performance
1093,Incorporate green features into the design of structures or facilities
1094,Industrial control and automation software
1095,Inform individuals or organisations of status or findings
1096,Inform medical professionals regarding patient conditions and care
1097,Inform others about laws or regulations
1098,"Inform the public about policies, services or procedures"
1099,"Inform viewers, listeners or audiences"
1100,Inspect aircraft or aircraft components
1101,Inspect areas for compliance with sanitation standards
1102,Inspect buildings or grounds to determine condition
1103,Inspect cargo and shipments
1104,Inspect cargo areas for cleanliness or condition
1105,Inspect cargo to ensure it is properly loaded or secured
1106,Inspect cargo to identify potential hazards
1107,Inspect communications or broadcasting equipment
1108,Inspect completed work to ensure proper functioning
1109,Inspect completed work to ensure proper installation
1110,Inspect condition of natural environments
1111,"Inspect condition, or functioning, of facilities or equipment"
1112,Inspected printed materials or other images to verify quality
1113,Inspect electrical or electronic systems for defects
1114,Inspect equipment or facilities to determine condition or maintenance needs
1115,Inspect equipment or systems
1116,Inspect equipment or tools to be used in construction or excavation
1117,Inspect equipment to ensure proper functioning
1118,Inspect equipment to ensure safety or proper functioning
1119,Inspect equipment to locate or identify electrical problems
1120,Inspect facilities
1121,"Inspect facilities, equipment or supplies to ensure conformance to standards"
1122,Inspect facilities for cleanliness
1123,Inspect facilities or equipment to ensure specifications are met
1124,Inspect facilities or sites to determine if they meet specifications or standards
1125,Inspect facilities to ensure compliance with fire regulations
1126,Inspect facilities to ensure compliance with security or safety regulations
1127,Inspect finished products to locate flaws
1128,Inspect finishes of work pieces or finished products
1129,Inspect food products
1130,"Inspect garments for defects, damage or stains"
1131,Inspect gas systems or components to identify hazards
1132,Inspect industrial or commercial equipment to ensure proper operation
1133,Inspect installed components or assemblies
1134,Inspect items for damage or defects
1135,Inspect items for damage or defects
1136,Inspect landscaping to determine treatment needs
1137,Inspect locomotives or other railway equipment
1138,Inspect lumber or raw woodstock
1139,Inspect material-moving equipment to detect problems
1140,Inspect materials or equipment to determine need for repair or replacement
1141,Inspect mechanical components of vehicles to identify problems
1142,"Inspect mechanical equipment to locate damage, defects or wear"
1143,Inspect medical or dental assistive devices
1144,Inspect metal products
1145,Inspect motor vehicles
1146,Inspect operational processes
1147,Inspect or prepare finished products
1148,Inspect plastic or composite products
1149,Inspect plumbing systems or fixtures
1150,Inspect production equipment
1151,Inspect product quality or specifications
1152,"Inspect products, equipment or facilities"
1153,Inspect products or operations to ensure that standards are met
1154,Inspect sets or exhibits
1155,Inspect shipments to ensure correct order fulfilment
1156,Inspect structural components of vehicles to identify problems
1157,Inspect sustainable energy production facilities or equipment
1158,Inspect systems to determine if they are operating properly
1159,Inspect telecommunications equipment to identify problems
1160,"Inspect, test or maintain equipment or systems"
1161,"Inspect textile, hide or leather products"
1162,Inspect vehicles to determine overall condition
1163,Inspect work environments to ensure safety
1164,Inspect work environment to ensure safety and compliance
1165,Inspect work sites to determine condition or necessary repairs
1166,Inspect work sites to identify potential environmental or safety hazards
1167,Install and maintain computer equipment or software
1168,Install and repair rail tracks
1169,Install audio or communications equipment
1170,Install barriers or support equipment
1171,Install building fixtures
1172,Install carpet or flooring
1173,Install computer hardware
1174,Install computer software
1175,"Install coverings, systems or structural components"
1176,Install doors or windows
1177,Install drilling equipment
1178,"Install electrical components, equipment or systems"
1179,"Install energy-efficient heating, ventilation or air conditioning (HVAC) equipment"
1180,Install equipment attachments or components
1181,Install equipment to protect or support trees
1182,Install fencing or other barriers
1183,Install fire protection equipment and systems
1184,Install gauges or controls
1185,Install green plumbing or water handling systems
1186,"Install green structural components, equipment or systems"
1187,Install hardware or other interior fixtures
1188,"Install heating, ventilation or air conditioning (HVAC) equipment"
1189,Install home appliances
1190,Install instrumentation or electronic equipment or systems
1191,Install insulation in equipment or structures
1192,Install Irrigation or drainage systems
1193,Install machine or equipment replacement parts
1194,Install masonry materials
1195,Install mechanical components in production equipment
1196,Install metal structural components
1197,Install metering equipment
1198,Install or operate plumbing or irrigation equipment
1199,"Install parts, assemblies or attachments in transportation or material-handling equipment"
1200,Install piping for installation or maintenance activities
1201,Install plumbing or piping
1202,Install production equipment or systems
1203,Install programs onto computer or computer-controlled equipment
1204,Install roofing materials
1205,Install safety or support equipment
1206,Install solar energy systems
1207,Install structural foundations
1208,Install trim or panelling
1209,Install vehicle parts or accessories
1210,Install wooden structural components
1211,Instruct patients in the use of assistive equipment
1212,Instruct staff in work policies or procedures
1213,Instruct tertiary students in physical or life sciences
1214,Instruct tertiary students in social sciences or humanities disciplines
1215,Instruct workers to use equipment or perform technical procedures
1216,Interact with patients to build rapport or provide emotional support
1217,Internet protocol software
1218,"Interpret blueprints, specifications or diagrams"
1219,Interpret cultural or religious information
1220,Interpret cultural or religious information
1221,Interpret design or operational test results
1222,Interpret financial information for others
1223,Interpret research or operational data
1224,Intervene in crisis situations to assist clients
1225,Interview claimants to gather information related to legal proceedings
1226,Interview clients to gather financial information
1227,"Interview clients to gather information about their backgrounds, needs or progress"
1228,"Interview employees, customers or others to collect information"
1229,Interview others for news or entertainment purposes
1230,Interview patients to gather medical information
1231,Interview people to gather information about criminal activities
1232,Interview people to obtain information about actions or status of individuals
1233,"Interview witnesses, suspects or claimants"
1234,Inventory management software
1235,Inventory materials or equipment
1236,Inventory medical supplies or equipment
1237,Investigate accidents to determine causes
1238,Investigate crimes committed within organisations
1239,Investigate equipment and systems malfunctions and failures
1240,Investigate illegal activities or maintain security
1241,Investigate illegal or suspicious activities
1242,Investigate industrial or transportation accidents
1243,Investigate legal issues
1244,Investigate personal characteristics
1245,Investigate personal characteristics or activities of individuals
1246,Investigate safety of work environment
1247,"Investigate system, equipment or product failures"
1248,Investigate the environmental impact of projects
1249,"Investigate transportation incidents, violations, or complaints"
1250,"Irrigate lawns, trees or plants"
1251,Issue certificates or licenses
1252,Issue documentation or identification to customers or employees
1253,"Issue money, credit or vouchers"
1254,Issue warnings or citations
1255,Label production materials
1256,Label products and materials
1257,Lay cables to connect equipment
1258,Lay out parts to prepare for assembly
1259,Lay out work according to specifications
1260,Lead classes or community events
1261,Liaise between departments or other groups to improve function or communication
1262,Library management system
1263,Lift materials or work pieces using cranes or other lifting equipment
1264,Load agricultural or forestry products for shipment
1265,Load and transport materials
1266,"Load and unload washing or drycleaning machines, driers and extractors"
1267,Load digital images onto computers or websites
1268,Load items into ovens or furnaces
1269,Load items into ovens or furnaces
1270,Load materials into construction equipment
1271,Load materials into equipment for processing
1272,Load materials into production equipment
1273,Load materials or equipment
1274,Load or unload materials used in construction or mining
1275,"Load shipments, belongings or materials"
1276,Locate animals for fishing or hunting purposes
1277,Locate equipment or materials in need of repair or replacement
1278,Locate fires or fire danger areas
1279,Locate natural resources using geospatial or other environmental data
1280,Locate suspicious objects or vehicles
1281,Lubricate equipment to allow proper functioning
1282,Lubricate production equipment
1283,Magnetic and smart card reading technologies
1284,"Maintain, adjust or repair flow systems"
1285,"Maintain a working understanding of the cultural, diversity and accessibility needs of others, and how this applies to the role"
1286,Maintain call records
1287,Maintain clean work areas
1288,Maintain client information or service records
1289,Maintain client records
1290,Maintain computer equipment or software
1291,Maintain computer hardware
1292,Maintain computer networks to enhance performance and user access
1293,Maintain construction tools or equipment
1294,Maintain contingency plans for disaster recovery
1295,Maintain current knowledge related to work activities
1296,Maintain data in information systems or databases
1297,Maintain drilling equipment
1298,Maintain electromechanical equipment
1299,Maintain electronic equipment
1300,Maintain equipment or systems to ensure proper functioning
1301,Maintain facilities
1302,Maintain facilities and conduct repairs
1303,Maintain financial or account records
1304,Maintain firefighting tools or equipment
1305,"Maintain food, drink or equipment inventories"
1306,"Maintain forestry, hunting or agricultural equipment"
1307,"Maintain inventories of materials, equipment or products"
1308,Maintain inventory and stock
1309,Maintain inventory of medical supplies or equipment
1310,Maintain inventory records
1311,Maintain knowledge of aircraft specifications and flight safety procedures
1312,Maintain knowledge of business operations
1313,Maintain knowledge of current developments in area of expertise
1314,Maintain knowledge of laws or regulations
1315,Maintain knowledge of relevant national and international current events
1316,Maintain laboratory or technical equipment
1317,Maintain locomotives or other rail equipment in good working condition
1318,Maintain logs of production activities
1319,Maintain material moving equipment in good working condition
1320,Maintain mechanical equipment
1321,Maintain medical equipment or instruments
1322,Maintain medical facility records
1323,Maintain medical laboratory equipment
1324,Maintain medical or professional knowledge
1325,Maintain medical records
1326,Maintain mining equipment
1327,Maintain office equipment in proper operating condition
1328,Maintain operational and production records
1329,Maintain operational records
1330,Maintain operational records for green energy processes or other environmentally sustainable activities
1331,Maintain operational records or records systems
1332,Maintain personnel records
1333,Maintain plumbing structures or fixtures
1334,Maintain practical knowledge of natural areas
1335,Maintain production or processing equipment
1336,Maintain professional knowledge or certifications
1337,Maintain professional social services knowledge
1338,Maintain public order or security
1339,Maintain recording or broadcasting equipment
1340,"Maintain records, documents or other files"
1341,"Maintain records, documents or other files"
1342,Maintain records of customer accounts
1343,Maintain records of sales or other business transactions
1344,Maintain regulatory or compliance documentation
1345,Maintain repair or maintenance records
1346,Maintain sales and business transaction records
1347,Maintain security
1348,Maintain social services program records
1349,Maintain staff records
1350,Maintain sterile operative fields
1351,Maintain student records
1352,Maintain supply or equipment inventories
1353,Maintain surveillance of individuals or establishments
1354,Maintain sustainable energy production equipment
1355,Maintain test equipment
1356,Maintain the inventory of equipment
1357,Maintain the order of legal documents
1358,Maintain vehicles in good working condition
1359,Maintain watercraft engines or machinery
1360,Maintain water vessels or marine equipment
1361,Maintain work equipment or machinery
1362,Make decisions in legal cases
1363,"Make decisions that balance the perspectives of private citizens, public officials, and party leaders"
1364,Make devices or components
1365,"Make, fit or support clients in the use of assistive devices"
1366,Make legal decisions
1367,Make patient-assistive devices or device models
1368,"Make travel, accommodation or entertainment arrangements for others"
1369,Manage agricultural or forestry operations
1370,Manage and handle resources and materials
1371,Manage budgets for appropriate resource allocation
1372,Manage budgets for personal services operations
1373,Manage clerical or administrative activities
1374,Manage construction activities
1375,Manage construction or production projects
1376,Manage content of broadcasts or presentations
1377,Manage control system activities in organisations
1378,Manage digital data or recordings
1379,Manage documentation to ensure organisation or accuracy
1380,Manage environmental sustainability projects
1381,Manage financial activities of the organisations
1382,Manage food service operations
1383,Manage gaming and betting
1384,Manage guest services
1385,Manage health care operations
1386,Manage health care operations
1387,Manage human resources activities
1388,Manage information technology projects or system activities
1389,Manage inventories of products or organisational resources
1390,Manage legal or regulatory materials
1391,"Manage, monitor and undertake financial activities"
1392,Manage operational budgets
1393,Manage operations of artistic or entertainment departments or organisations
1394,"Manage operations, research or logistics projects"
1395,Manage or document operational procedure or process
1396,Manage organisational or program finances
1397,Manage organisational or project budgets
1398,Manage organisational security activities
1399,Manage outreach activities
1400,Manage preparation of special meals or diets
1401,Manage scientific or technical project resources
1402,"Manage services, staff or activities"
1403,Manoeuvre work pieces in equipment during production
1404,Map creation software
1405,Mark agricultural or forestry products for identification
1406,"Market goods, services or events"
1407,Mark materials or objects for identification
1408,"Mark products, work pieces or equipment with identifying information"
1409,Mark reference points on construction materials
1410,"Materials requirements planning, logistics and supply chain software"
1411,Material transportation
1412,Measure clients to ensure proper product fit
1413,Measure dimensions of completed products or work pieces to verify conformance to specifications
1414,Measure distances or dimensions
1415,Measure effectiveness of business strategies or practices
1416,Measure environmental characteristics
1417,Measure equipment outputs
1418,Measure ingredients
1419,Measure ingredients or substances to be used
1420,Measure materials or objects for installation or assembly
1421,"Measure materials to mark reference points, cutting lines or other indicators"
1422,"Measure or calculate dimensions, distance, volume or capacity"
1423,Measure physical characteristics of forestry or agricultural products
1424,Measure product or material dimensions
1425,Measure the level or depth of liquids
1426,Measure the physical or physiological attributes of patients
1427,Measure work site dimensions
1428,Mediate disputes
1429,"Medical examination, measurement, and monitoring devices"
1430,Medical IT infrastructure for image storage
1431,Medical scanning and imagery equipment
1432,Medical treatment devices
1433,Meet with individuals involved in legal processes to provide information and clarify issues
1434,"Melt metal, plastic or other materials to prepare for production"
1435,Merchandise health care goods or services
1436,Messaging and communications software
1437,Metal fabrication and tool operation
1438,Microphones
1439,Mix ingredients
1440,Mix ingredients to create specific finishes
1441,Mix sound inputs
1442,Mix substances or compounds needed for work activities
1443,Mix substances to create chemical solutions
1444,"Model cosmetics, clothing or accessories"
1445,"Model cosmetics, clothing or accessories"
1446,Model operational processes
1447,Modify software programs to improve performance
1448,Modify teaching methods or materials to accommodate student needs
1449,Modify treatment plans to accommodate client needs
1450,Monitor access or flow of people to prevent problems
1451,Monitor activities affecting environmental quality
1452,Monitor activities of individuals to ensure safety or compliance with rules
1453,Monitor alarm systems
1454,Monitor and evaluate patient treatment
1455,Monitor availability of equipment or supplies
1456,Monitor broadcasting operations to ensure proper functioning
1457,Monitor building premises to ensure occupant or visitor safety
1458,Monitor business indicators
1459,Monitor cargo area conditions
1460,Monitor clients to evaluate treatment progress
1461,"Monitor compliance with regulations, standards or procedures"
1462,Monitor computer system performance to ensure proper operation
1463,Monitor construction operations
1464,Monitor current trends
1465,Monitor engine operation or functioning
1466,Monitor environmental conditions to detect hazards
1467,Monitor environmental impacts of production or development activities
1468,Monitor environment to ensure safety
1469,Monitor equipment fluid levels
1470,Monitor equipment gauges or displays
1471,Monitor equipment operation to ensure no flaws
1472,Monitor equipment operation to ensure proper functioning
1473,"Monitor equipment, procedures and systems"
1474,Monitor external affairs or events affecting business operations
1475,Monitor facilities or operational systems
1476,Monitor financial indicators
1477,Monitor financial information
1478,Monitor flow of cash or other resources
1479,Monitor food or nutrition quality
1480,Monitor health or behaviour of animals
1481,Monitor health or behaviour of people
1482,Monitor instruments to ensure proper production conditions
1483,Monitor inventories
1484,Monitor loading processes to ensure they are performed properly
1485,Monitor lubrication of equipment or work pieces
1486,Monitor market conditions or trends
1487,Monitor medical equipment to ensure proper functioning
1488,Monitor medical facility activities to ensure adherence to standards or regulations
1489,Monitor mining operations
1490,Monitor nutrition-related activities of individuals or groups
1491,Monitor operational activities to ensure compliance with regulations or standard operating procedures
1492,Monitor operational procedures in technical environments
1493,Monitor operational quality or safety
1494,Monitor operations to ensure compliance with safety or security policies or regulations
1495,Monitor organisational compliance with regulations
1496,Monitor organisational procedures to ensure proper functioning
1497,Monitor organisational processes
1498,"Monitor patient conditions during treatments, procedures or activities"
1499,Monitor patient progress or responses to treatments
1500,Monitor patients following surgeries or other treatments
1501,Monitor patients to detect health problems
1502,Monitor patron activities to identify problems or potential problems
1503,Monitor performance of organisational members or partners
1504,Monitor processes for compliance with standards
1505,Monitor recreational facility operations
1506,Monitor resources
1507,Monitor sales activities
1508,"Monitor student behaviour, social development or health"
1509,Monitor student performance
1510,Monitor surroundings to detect potential hazards
1511,Monitor the handling of hazardous materials or medical wastes
1512,Monitor the performance of computer networks
1513,Monitor the productivity or efficiency of industrial operations
1514,Monitor the security of digital information
1515,Monitor vehicle movement or location
1516,Monitor vehicles and traffic
1517,Monitor video displays of medical equipment to ensure proper functioning
1518,Monitor work areas or procedures to ensure compliance with safety procedures
1519,Monitor work areas to provide security
1520,Monitor work environment to ensure safety or adherence to specifications
1521,Mount attachments or tools onto production equipment
1522,Mount materials or work pieces onto production equipment
1523,Move construction or mining materials
1524,"Move equipment, supplies or food to required locations"
1525,Move furniture
1526,Move large objects using heavy equipment
1527,"Move materials, equipment or supplies"
1528,"Move materials, equipment or supplies"
1529,Move patients to or from treatment areas
1530,"Move products, materials or equipment between work areas"
1531,Move timber or wood products and materials between work areas
1532,Musical instrument digital interfaces (MIDI)
1533,Music or sound editing software
1534,Navigate water vessels
1535,Negotiate agreements to resolve disputes
1536,"Negotiate contracts for transportation, distribution or logistics services"
1537,Negotiate contracts with clients or service providers
1538,Negotiate financial arrangements
1539,Negotiate for services
1540,Negotiate labour disputes
1541,Negotiate prices or other sales terms
1542,Negotiate project specifications
1543,Negotiate purchases or contracts
1544,Negotiate purchases or contracts
1545,Negotiate sales or lease agreements for goods or services
1546,"Negotiate with colleagues or members of other political parties in order to reconcile differing interests, and to create policies and agreements"
1547,Network conferencing software
1548,Network monitoring software
1549,Network security and virtual private network VPN software
1550,Network switches
1551,"Notify others of emergencies, problems or hazards"
1552,Notify others of equipment problems
1553,Notify others of equipment repair or maintenance needs
1554,Observe equipment in operation to detect potential problems
1555,Observe individuals' activities to gather information or compile evidence
1556,Obtain copyrights or other legal permissions
1557,Obtain documentation to authorise activities
1558,Obtain information about goods or services
1559,Obtain personal or financial information about customers or applicants
1560,Obtain property information
1561,Obtain written authorisation to perform activities
1562,Operate and maintain car wash facilities
1563,Operate and maintain computers
1564,"Operate and maintain heating, ventilation or air conditioning equipment"
1565,Operate and maintain laboratory or field equipment
1566,Operate and maintain medical equipment
1567,Operate and maintain water vessels
1568,Operate audio recording equipment
1569,Operate audio-visual equipment
1570,Operate audio-visual equipment
1571,Operate cash registers
1572,Operate chemical processing or water treatment systems or equipment
1573,Operate cleaning or polishing equipment for floors and other surfaces
1574,Operate communications equipment or systems
1575,"Operate communications, transmissions or broadcasting equipment"
1576,Operate computers or computerised equipment
1577,Operate computer systems
1578,"Operate control consoles for sound, lighting or video"
1579,Operate conveyors or other industrial material moving equipment
1580,"Operate cranes, hoists or other moving or lifting equipment"
1581,Operate cutting equipment
1582,Operate detonation equipment
1583,Operate diagnostic imaging equipment
1584,Operate diagnostic or therapeutic medical instruments or equipment
1585,Operate digital imaging equipment
1586,Operate drilling equipment
1587,Operate energy distribution equipment
1588,Operate energy production equipment
1589,Operate equipment or vehicles to clear construction sites or move materials
1590,Operate equipment to print images or bind printed images together
1591,Operate excavation equipment
1592,Operate extruding machines to produce rods or encase materials in plastic or rubber
1593,Operate fabric treatment equipment
1594,Operate farming or agricultural equipment
1595,Operate firefighting equipment
1596,Operate food processing equipment
1597,Operate forestry equipment
1598,Operate forklifts or other loaders
1599,Operate gaming equipment
1600,Operate grinding equipment
1601,Operate grounds maintenance equipment
1602,Operate heating or drying equipment
1603,Operate heavy-duty construction or installation equipment
1604,Operate industrial equipment
1605,Operate irrigation systems
1606,Operate laboratory equipment to analyse medical samples
1607,Operate laboratory or field equipment
1608,Operate material handling machinery
1609,Operate medical equipment
1610,Operate medical equipment
1611,Operate metal forming equipment
1612,Operate mining equipment
1613,Operate mixing equipment
1614,Operate office equipment
1615,Operate on patients
1616,Operate packing or other material-processing equipment
1617,Operate painting or coating equipment
1618,Operate photographic developing or print production equipment
1619,Operate plastic or rubber forming equipment
1620,Operate pressing and ironing machines
1621,Operate production equipment and make products
1622,Operate pumping systems or equipment
1623,Operate pumps or compressors
1624,Operate recycling equipment
1625,Operate road-surfacing equipment
1626,Operate sewing equipment
1627,Operate ships or other watercraft
1628,Operate still or video cameras or related equipment
1629,Operate surveillance equipment to detect suspicious or illegal activities
1630,Operate textile or leather cutting or production equipment
1631,Operate textile production equipment
1632,Operate trains or other rail vehicles
1633,Operate trains or other rail vehicles
1634,Operate transportation equipment to demonstrate function or malfunction
1635,Operate vehicles or material-moving equipment
1636,Operate vehicles or material-moving equipment
1637,Operate welding equipment
1638,Operate woodworking equipment
1639,Operating procedures and processes
1640,Operational specifications design and reporting
1641,Operations research and management
1642,Optical character reader (OCR) or scanning software
1643,Order construction or mining materials or equipment
1644,Order instructional or library materials or equipment
1645,"Order materials, supplies, or equipment"
1646,Order medical diagnostic or clinical tests
1647,Order medical supplies or equipment
1648,Organise informational materials
1649,Organise recreational activities or events
1650,Organise special events
1651,Oversee business processes
1652,Package agricultural products for shipment or further processing
1653,Package food or supplies
1654,Package materials for transport
1655,Package materials or products
1656,"Package meat, poultry or seafood"
1657,Package objects for shipping
1658,Package products for storage or shipment
1659,Paint surfaces or equipment
1660,Participate in athletic events
1661,Participate in athletic events
1662,Participate in physical training to maintain fitness
1663,Participate in staffing decisions
1664,Patient management systems and electronic health records
1665,Patrol natural areas to ensure safety or enforce regulations
1666,Patrol properties to maintain safety
1667,"Pay charges, fees or taxes"
1668,Payroll and time accounting software
1669,Perform administrative or clerical tasks
1670,Perform administrative or clerical tasks
1671,Performance evaluation and efficiency improvement
1672,Perform animal breeding procedures
1673,Perform basic equipment maintenance
1674,Perform bush firefighting activities
1675,Perform clerical work in medical settings
1676,Perform construction or mining activities
1677,Perform dances
1678,Perform drug screening
1679,Perform for recordings
1680,Perform housekeeping duties
1681,Perform human resources activities
1682,Perform maintenance or inspections
1683,"Perform manual agricultural, aquacultural or horticultural tasks"
1684,Perform manual service or maintenance tasks
1685,Perform marketing activities
1686,Perform medical tests and physical examinations of patients
1687,Perform music for the public
1688,Perform nutritional or health assessments
1689,Perform student enrolment or registration activities
1690,"Perform swimming, diving, or aquatic activities"
1691,Pilot aircraft
1692,Pilot aircraft
1693,Place materials into or onto moulds
1694,Plan and coordinate work operations
1695,"Plan and manage, and analyse costs and benefits of, proposed designs or projects"
1696,Plan biological research
1697,Plan community programs or activities for the general public
1698,"Plan conferences, programs or special events"
1699,"Plan, design or coordinate construction activities"
1700,Plan educational activities
1701,Plan employee work schedules
1702,Plan environmental research
1703,Plan experiential learning activities
1704,Plan facility layouts or designs
1705,Plan flight operations
1706,"Plan layout of construction, installation or repairs"
1707,Plan menu options
1708,Plan natural resources conservation or restoration programs
1709,Plan production or operational procedures or sequences
1710,Plan programs to address community health issues
1711,Plan programs to address community mental wellness needs
1712,Plan social sciences research
1713,Plan special events
1714,"Plant crops, trees or other plants"
1715,Plant greenery to improve landscape appearance
1716,"Planting, irrigating or landscaping"
1717,Plan trapping or hunting activities
1718,Plan work operations
1719,Plan work procedures
1720,Point of Sale (POS) and EFTPOS systems
1721,"Polish materials, work pieces or finished products"
1722,Position animal trapping or capture equipment
1723,Position construction forms or moulds
1724,Position construction or mining equipment
1725,Position containers to receive materials or work pieces
1726,"Position equipment using hand tools, power tools or heavy equipment"
1727,Position loading ramps or staircases
1728,Position material handling equipment
1729,Position patients for treatment or examination
1730,"Position patterns on equipment, materials or work pieces"
1731,Position raw materials on processing or production equipment
1732,Position safety or support equipment
1733,Position structural components
1734,"Pour materials into, or on, designated areas"
1735,Practice athletic or artistic skills
1736,Premise branch exchange (PBX) systems
1737,Prepare activity or work schedules
1738,Prepare administrative documents
1739,Prepare analytical reports
1740,Prepare and demonstrate equipment
1741,Prepare and utilise legal documentation
1742,Prepare areas for landscape construction and set up landscape features
1743,Prepare biological samples for testing or analysis
1744,Prepare biological specimens for laboratory analysis
1745,Prepare breads or doughs
1746,Prepare business correspondence
1747,Prepare cash for deposit or disbursement
1748,Prepare chemicals for work application
1749,Prepare compounds or solutions for products or testing
1750,Prepare compounds or solutions to be used for repairs
1751,"Prepare contracts, disclosures or applications"
1752,Prepare data for analysis
1753,Prepare detailed work plans
1754,"Prepare documentation for contracts, transactions or regulatory compliance"
1755,Prepare documentation of legal proceedings
1756,"Prepare drafts of amendments, government policies, laws, rules, regulations, budgets, programs and procedures."
1757,Prepare drawings or diagrams of goods or services
1758,Prepare explosives for detonation
1759,Prepare fabrics or materials for processing or production
1760,Prepare film for distribution or use
1761,Prepare financial documents
1762,"Prepare financial documents, reports or budgets"
1763,Prepare food
1764,Prepare foods for cooking or serving
1765,"Prepare forms, legislation or proposals"
1766,Prepare forms or applications
1767,Prepare graphics or other visual representations of information
1768,Prepare hazardous waste for processing or disposal
1769,Prepare health care training materials
1770,Prepare hoses or water supplies to fight fires
1771,Prepare hot or cold drinks
1772,Prepare informational or reference materials
1773,Prepare information or documentation related to legal or regulatory matters
1774,Prepare information or website content
1775,Prepare instruction manuals
1776,Prepare investigation or incident reports
1777,Prepare land for agricultural use
1778,Prepare legal documents
1779,Prepare legal or investigatory documentation
1780,Prepare legal proceedings and represent clients
1781,Prepare maps
1782,"Prepare materials for preservation, storage or display"
1783,Prepare materials for processing
1784,Prepare materials or solutions for animal or plant use
1785,Prepare meat products for sale or consumption
1786,Prepare medical instruments or equipment for use
1787,Prepare medical reports or documents
1788,Prepare medical supplies or equipment for use
1789,Prepare medications or medical solutions
1790,Prepare mining sites for commissioning or decommissioning
1791,Prepare moulds for composite production
1792,Prepare official health documents or records
1793,Prepare operational budgets
1794,Prepare operational budgets for green energy or other green operations
1795,Prepare operational progress or status reports
1796,Prepare operational reports
1797,Prepare operational reports or records
1798,Prepare or administer medications and medical solutions
1799,Prepare or manage compliance documentation
1800,Prepare or process fish or seafood
1801,Prepare outgoing mail
1802,Prepare patients for medical procedures
1803,Prepare patient treatment areas
1804,Prepare procedural documents
1805,"Prepare, process or analyse chemicals"
1806,Prepare production storyboards
1807,Prepare products for testing
1808,Prepare project budgets
1809,Prepare proposal documents
1810,Prepare proposal documents or grant applications
1811,Prepare proposals or grant applications to obtain project funding
1812,Prepare regulatory or compliance documentation
1813,Prepare reports detailing student activities or performance
1814,Prepare reports or evaluations
1815,Prepare reports related to compliance matters
1816,Prepare reports summarising patient diagnostic or care activities
1817,Prepare research or technical reports
1818,Prepare research or technical reports on environmental issues
1819,Prepare research reports
1820,Prepare sales or other contracts
1821,Prepare scientific or technical reports or presentations
1822,Prepare staff schedules
1823,Prepare staff schedules or work assignments
1824,Prepare surfaces for finishing
1825,Prepare technical or operational reports
1826,Prepare technical reports for internal use
1827,Prepare tests
1828,"Prepare work pieces for production, assembly or processing"
1829,Prepare written decisions for legal proceedings
1830,Prescribe assistive medical devices or related treatments
1831,Prescribe medications
1832,Prescribe treatments or therapies
1833,Present business-related information
1834,Present information and news to the public
1835,Present information to the public
1836,Present medical research reports
1837,Present research results
1838,Present social services program information to the public
1839,Present specials information or menus to customers
1840,Present sustainable goods or services information to the public
1841,Present work to clients for approval
1842,Prevent unauthorised individuals from entering restricted areas
1843,Process animal carcasses
1844,Process animal carcasses and meat
1845,Process customer bills or payments
1846,Process forensic or legal evidence in accordance with procedures
1847,Process health care paperwork
1848,Process library materials
1849,Process medical billing information
1850,Process sales or other transactions
1851,Process x-rays or other medical images
1852,Procure goods or services
1853,"Procure materials, equipment or other resources"
1854,"Procure materials, supplies, or stock"
1855,Procure stocks of merchandise or supplies
1856,Procure supplies or equipment
1857,Produce and sell agricultural products
1858,Produce artistic or design concepts or displays
1859,Produce clay or ceramics products
1860,Produce metal products
1861,Produce or shape glass
1862,Produce pastries and other baked goods
1863,Production processes and machinery
1864,Program equipment to perform production tasks
1865,Program equipment to undertake paper or pulp processing
1866,Program robotic equipment
1867,Project management software
1868,Promote agricultural or hunting activities
1869,Promote and develop educational programs
1870,Promote educational institutions or programs
1871,Promote environmental sustainability or conservation initiatives
1872,"Promote goods, services, or programs"
1873,"Promote products, activities, or organisations"
1874,"Proofread documents, records or other files to ensure accuracy"
1875,Protect patients or staff members using safety equipment
1876,Protect property from fire or water damage
1877,Protect structures or surfaces near work areas to avoid damage
1878,Provide advice on social or educational issues
1879,"Provide air support in search, rescue, emergency and surveillance activities"
1880,Provide alternative medicine treatments
1881,Provide animal care and training
1882,Provide assistance to patients or clients on outings
1883,Provide attraction or event information to patrons
1884,Provide basic health care
1885,Provide basic health care services
1886,"Provide basic information to guests, visitors, or clients"
1887,Provide community health programs
1888,Provide cosmetic advice for clients
1889,Provide cosmetic advice for clients
1890,"Provide counsel, comfort or encouragement to individuals or families"
1891,Provide counselling
1892,Provide customer service and communicate information
1893,Provide customer service to clients or users
1894,Provide customers with general information or assistance
1895,Provide dental examination and treatment
1896,Provide educational information to the public
1897,Provide educational materials to community members
1898,Provide escort or transportation
1899,Provide financial advice
1900,Provide first aid or rescue assistance in emergencies
1901,Provide for basic needs of children
1902,Provide guest services
1903,"Provide health and wellness advice to patients, program participants or caregivers"
1904,Provide health care advice
1905,Provide health care or administer medical treatment
1906,Provide information about landscaping services or costs
1907,Provide information to co-workers
1908,Provide information to the general public
1909,Provide leadership to align operational activities with the organisation’s vision and goals
1910,Provide legal advice to clients
1911,"Provide medical care and support for families, including health counselling"
1912,Provide medical care and support for neonates and children
1913,Provide medical care and support for people with intellectual and developmental disabilities
1914,Provide medical care for children and for families
1915,Provide mentorship and guidance to staff
1916,Provide nail and cosmetic services
1917,Provide notifications to customers or patrons
1918,Provide or request emergency response
1919,Provide patrons with directions to locales or attractions
1920,Provide recommendations to others about computer hardware or software
1921,Provide safety training or demonstrations
1922,Provide technical guidance to other staff
1923,Provide technical information or assistance to public
1924,Provide technical support for computer network issues
1925,Provide technical support for software maintenance or use
1926,Provide tourism services to patrons
1927,Provide training to health care professionals
1928,Provide transportation information to passengers or customers
1929,Provide transportation services
1930,Publish content on digital platforms or social media sites
1931,Quality control and inspections
1932,Quantitative schedule and risk analysis software
1933,Radiation therapy equipment
1934,Radio frequency transmitters or receivers
1935,Read documents to gather technical information
1936,Read maps to determine routes
1937,Read materials to determine needed actions
1938,Read technical information needed to perform maintenance or repairs
1939,Read to students
1940,Read work orders or descriptions of problems to determine repairs or modifications needed
1941,Read work orders or other instructions to determine product specifications or materials requirements
1942,Read work orders to determine material or setup requirements
1943,Reassemble equipment after repair
1944,Rebuild parts or components
1945,Receive information or instructions for performing work assignments
1946,Receive shipments
1947,Recommend changes or corrective procedures
1948,Recommend changes to improve computer or information systems
1949,Recommend goods or services to customers
1950,Recommend improvements to increase safety or reduce risks
1951,Recommend investments to clients
1952,Recommend legal actions
1953,Recommend organisational process or policy changes
1954,Recommend packing or shipping methods
1955,"Recommend technical design or process changes to improve efficiency, quality or performance"
1956,Recommend types of assistive devices
1957,Reconcile records of sales or other financial transactions
1958,Record agricultural or forestry inventory data
1959,Record crime or accident scene evidence with video or still cameras
1960,Record details of deliveries or shipments
1961,Record images needed to address work issues
1962,Record information about environmental conditions
1963,Record information about legal matters
1964,"Record information about parts, materials or repair procedures"
1965,Record information about suspects or criminals
1966,Record information about suspicious objects
1967,Record information from meetings or other formal proceedings
1968,Record operational details of travel
1969,Record operational or environmental data
1970,Record operational or production data
1971,Record patient medical histories
1972,Record personnel information
1973,Record production information
1974,Record research or operational data
1975,Record sales or transactions data
1976,"Records, documentation, reports and research"
1977,Record service or repair activities
1978,Record shipping information
1979,Record staff information
1980,Record vital statistics or other health information
1981,Recreation and sporting events
1982,Recruit staff
1983,Refer clients to community or social service programs
1984,Refer customers to appropriate staff
1985,Refer for health services or medical tests
1986,Refer individuals to educational or work programs
1987,Refer patients to other health care practitioners or health resources
1988,Refinish wood or metal surfaces
1989,refuel air vehicles
1990,Refuel vehicle
1991,Regulatory compliance software
1992,Rehearse or train
1993,Relay information about incidents or emergencies to personnel using phones or two-way radios
1994,Relay information between staff
1995,Remote access software
1996,"Remove accessories, tools or other parts from equipment"
1997,Remove debris from work sites
1998,Remove debris or damaged materials
1999,Remove debris or vegetation from work sites
2000,"Remove dents from equipment, materials tools or structures"
2001,Remove excess materials from finished construction projects
2002,Remove or dismantle objects and equipment
2003,Remove parts or components from equipment
2004,Remove parts or components from vehicles
2005,Remove products or work pieces from production equipment
2006,Remove rubbish
2007,Remove skin or other body parts from animals
2008,Remove work pieces from moulds
2009,"Remove worn, damaged or outdated materials from work areas"
2010,Repair defective engines or engine components
2011,Repair electrical circuits or wiring
2012,Repair electrical components
2013,Repair electrical equipment
2014,Repair electronic equipment
2015,Repair equipment and electronics
2016,Repair furniture or upholstery
2017,Repair green energy equipment or systems
2018,Repair mechanical parts or equipment
2019,Repair medical facility equipment
2020,Repair medical or dental assistive devices
2021,Repair parts or assemblies
2022,Repair parts or components
2023,Repair pipes to stop leaking
2024,Repair precision devices or work pieces
2025,Repair production equipment or tools
2026,"Repair, replace, test, or rotate tires"
2027,Repair structural components
2028,"Repair templates, patterns or moulds"
2029,Repair textiles or apparel
2030,"Repair worn, damaged, or defective mechanical parts"
2031,Replace or repair non-engine automotive or vehicle components
2032,Replace vehicle glass
2033,"Replace worn, damaged or defective mechanical parts"
2034,Replace worn equipment components
2035,Report information to managers or other staff
2036,Report maintenance or equipment problems to appropriate personnel
2037,Report news to the public
2038,Report vehicle or equipment malfunctions
2039,"Represent the government at local, national, and international meetings and conferences"
2040,Represent the interests of clients in legal proceedings
2041,Represent the organisation in external relations
2042,Request emergency personnel
2043,Rescue people from hazardous situations
2044,Research advanced engineering designs or applications
2045,Research crop management methods
2046,Research design or application of green technologies
2047,Research diseases or parasites
2048,Research engineering applications of emerging technologies
2049,Research engineering aspects of biological or chemical processes
2050,Research environmental impact of industrial or development activities
2051,"Research, evaluate or design new technologies"
2052,Research genetic characteristics or expression
2053,Research geological features or processes
2054,Research human performance or health factors related to engineering or design activities
2055,Research hydrologic features or processes
2056,Research impacts of environmental conservation initiatives
2057,Research industrial processes or operations
2058,Research issues related to the environment or sustainable business practices
2059,Research livestock management methods
2060,Research methods to improve food products
2061,Research microbiological or chemical processes or structures
2062,Research new technologies
2063,Research or prepare historical objects or data
2064,Research or write in area of expertise
2065,Research plants and animals
2066,Research product safety
2067,Research relevant legal materials to aid decision making
2068,Research social issues
2069,Research sustainable agricultural processes or practices
2070,Research topics in area of expertise
2071,Reshape metal work pieces to established specifications
2072,Resolve computer application or systems issues
2073,Resolve computer network problems
2074,Resolve computer software problems
2075,Resolve customer complaints or problems
2076,Resolve employee or contractor problems
2077,Resolve human resources issues
2078,Resolve interpersonal conflicts
2079,Resolve issues affecting transportation operations
2080,Resolve operational performance problems
2081,Respond to customer inquiries
2082,Respond to customer problems or complaints
2083,Respond to customer queries
2084,Respond to emergencies to provide assistance
2085,"Respond to legal, regulatory and compliance issues"
2086,Respond to transportation emergencies
2087,Retrieve information from electronic sources
2088,Review accuracy of sales or other transactions
2089,Review art or design materials
2090,Review audio or video recordings
2091,Review blueprints or other instructions to determine operational methods or sequences
2092,Review blueprints or specifications to determine work requirements
2093,Review customer information
2094,Review customer insurance information
2095,Review details of technical drawings or specifications
2096,Review documents or materials for compliance with policies or regulations
2097,"Review environmental permits, plans or reports"
2098,Review laws or regulations to maintain professional knowledge
2099,Review license or permit applications
2100,Review or prepare research or technical reports
2101,Review plans or proposals for environmental conservation
2102,Review production information to determine costume or makeup requirements
2103,Review professional literature to maintain professional knowledge
2104,Review technical documents to plan work
2105,Review work orders and project needs
2106,Review work orders or schedules to determine operations or procedures
2107,Rewire electrical or electronic systems
2108,Route mail to correct destinations
2109,Rule on admissibility of legal proceedings
2110,Run wiring to connect equipment
2111,Safely move and store dangerous goods
2112,"Safely use rifles, revolvers and other firearms"
2113,Safety and hazard management
2114,Sales and marketing
2115,Sales and marketing software
2116,Schedule activities or facility use
2117,Schedule appointments
2118,Schedule appointments with prospective customers
2119,Schedule dining reservations
2120,Schedule equipment maintenance
2121,Schedule instructional activities
2122,Schedule medical facility use
2123,Schedule operational activities
2124,Schedule patient procedures or appointments
2125,Schedule product or material transportation
2126,Schedule release of marketing content
2127,Schedule staff or assign work
2128,Science and mathematics
2129,"Scientific laboratory analysers, sequencers, and measurement or manipulation instrumentation"
2130,"Search files, databases or reference materials to obtain information"
2131,Search individuals for illegal or dangerous items
2132,Search information sources to find data
2133,Secure cargo
2134,Secure cargo
2135,"Secure watercraft to docks, wharves or other vessels"
2136,Security and emergency services
2137,Select construction equipment
2138,Select construction materials
2139,Select educational materials or equipment
2140,"Select equipment, materials or supplies for cleaning or maintenance activities"
2141,Select fabric patterns and materials
2142,Select materials or props
2143,Select medical equipment for addressing patient needs
2144,Select production equipment according to product specifications
2145,Select production input materials
2146,Select project materials
2147,Select resources needed to accomplish tasks
2148,"Select staff, team members or performers"
2149,"Select tools, equipment, or technologies for use in operations or projects"
2150,Sell agricultural products
2151,Sell goods or services
2152,"Send information, materials or documentation"
2153,Serve court ordered documents
2154,Serve food or drinks
2155,Serve on institutional or departmental committees
2156,Service green vehicles
2157,"Service heating, ventilation or air-conditioning (HVAC) systems or components"
2158,Service vehicles
2159,Service vehicles
2160,Set equipment controls to meet cutting specifications
2161,"Set equipment guides, stops, spacers or other fixtures"
2162,Set equipment or components to specifications
2163,Set up classroom materials or equipment
2164,Set up laboratory or field equipment
2165,Set up material handling gear or equipment
2166,Set up merchandise displays
2167,Set up still or video cameras or related equipment
2168,Sew products
2169,Shape clay
2170,Shape clay to create products
2171,Shape dough
2172,Shape metal work pieces with hammers or other small hand tools
2173,Shape surfaces or edges of wood work pieces
2174,Shape wet or dry concrete
2175,Share sales-related or market information with colleagues
2176,Sharpen cutting or grinding tools
2177,Ship or deliver objects
2178,Shovel materials
2179,Signal equipment operators to indicate proper equipment positioning
2180,Signal others to coordinate vehicle movement
2181,Signal others to coordinate work activities
2182,Skim impurities from molten metal
2183,Slaughter animals
2184,Smooth garments
2185,Smooth metal surfaces or edges
2186,Smooth surfaces of objects or equipment
2187,Smooth surfaces with abrasive materials or tools
2188,Social media and web publishing software
2189,Software development and programming languages
2190,Solder parts or connections between parts
2191,Solder parts or work pieces
2192,Sort and distribute mail
2193,Sort forestry or agricultural materials
2194,Sort mail
2195,Sort materials or objects for processing or transport
2196,Sort materials or products
2197,Sort materials or products
2198,"Sort materials or products for processing, storing, shipping or grading"
2199,Sort recyclable materials
2200,"Sort, wash, dry or iron fabric, linen and clothes"
2201,Source and distribute educational materials
2202,Speak to students to encourage and support the development of future political leaders
2203,Spread concrete or other aggregate mixtures
2204,"Spread sand, dirt or other loose materials onto surfaces"
2205,Stack finished items for further processing or shipment
2206,Staff performance management
2207,Stay informed about current developments in field of specialisation
2208,Sterilise cooking or processing equipment
2209,Sterilise medical equipment or instruments
2210,Stock medical or patient care supplies
2211,Stock products or parts
2212,Stock serving stations or dining areas with food or supplies
2213,"Stock supplies, merchandise, food or drink"
2214,Store items
2215,Store records or related materials
2216,Store supplies or goods in kitchens or storage areas
2217,Strip and make beds and change bed linen
2218,Study blueprints or other instructions to determine equipment setup requirements
2219,Study characteristics or behaviour of organisms
2220,Study details of musical compositions
2221,Study or review blueprints
2222,Study product information to acquire professional knowledge
2223,Study scripts to determine project requirements
2224,Submit financial applications
2225,Supervise activities of other legal staff
2226,Supervise activities of people in prison
2227,Supervise clerical or administrative staff
2228,Supervise employees
2229,Supervise engineering or other technical staff
2230,Supervise information technology staff
2231,Supervise laboratory work
2232,Supervise maintenance workers
2233,Supervise medical support staff
2234,Supervise patient care staff
2235,Supervise people in prison
2236,Supervise production or support staff
2237,Supervise sales or support staff
2238,Supervise school or student activities
2239,Supervise scientific or technical staff
2240,Supervise service workers
2241,Supervise staff
2242,Supervise student research or internship work
2243,Supervise technical medical staff
2244,Supervise trainees
2245,Supervise workers performing environmentally sustainable activities
2246,Supervise workers providing client or patient services
2247,Support diversity and inclusion
2248,"Support individuals with diverse needs to understand, access and utilise information or services"
2249,Support individuals with mental illnesses
2250,Survey land or bodies of water
2251,Survey land or properties
2252,Take customer orders
2253,Take product orders
2254,Teach basic living or other adaptive skills to patients or caregivers
2255,Teach classes in area of specialisation
2256,Teach classes in area of specialisation
2257,Teach daily living skills or behaviours
2258,Teach environmental awareness and sustainability
2259,Teach exercise or fitness techniques
2260,Teach health management classes
2261,Teach health management or hygiene practices
2262,Teach health or hygiene practices
2263,Teach in area of specialisation
2264,Teaching and education
2265,Teach life skills
2266,Teach life skills
2267,Teach life skills or strategies to clients or their families
2268,Teach medical procedures or medical equipment use to patients
2269,Teach medical procedures to health care staff
2270,Teach online courses
2271,Teach others to use computer equipment or hardware
2272,Teach others to use computer technology
2273,Teach others to use technology or equipment
2274,Teach physical education
2275,Teach physical science or mathematics courses at the tertiary level
2276,Teach safety standards or environmental compliance methods
2277,Teach school students
2278,Teach tertiary and vocational courses
2279,Teach vocational courses
2280,Technology Tools
2281,Test air quality at work sites
2282,Test biological specimens to gather information about patient conditions
2283,Test characteristics of materials or structures
2284,Test chemical or physical characteristics of materials or products
2285,Test communications equipment to ensure proper functioning
2286,Test computer hardware performance
2287,Test computer or software performance
2288,Test computer system operations to ensure proper functioning
2289,Test electrical circuits or components for proper functioning
2290,Test electrical equipment or systems to ensure proper functioning
2291,Test facilities for environmental hazards
2292,Test fire protection equipment and systems
2293,Test fluids to identify contamination or other problems
2294,Test green technologies or processes
2295,Test green technology installations to verify performance
2296,Testify at legal or legislative proceedings
2297,"Test materials, solutions or samples"
2298,Test mechanical equipment to ensure proper functioning
2299,Test mechanical systems to ensure proper functioning
2300,Test patient hearing
2301,Test patient heart or lung functioning
2302,Test patient nervous system functioning
2303,Test patient vision
2304,Test performance of aircraft equipment
2305,"Test performance of electrical, electronic, mechanical, or integrated systems or equipment"
2306,Test products for functionality or quality
2307,Test quality of materials or finished products
2308,Test software performance
2309,Thread wire or cable through ducts or conduits
2310,Track goods or materials
2311,Train animals
2312,Train caregivers or other non-medical staff
2313,Train construction or mining staff
2314,Train customers in the use of products
2315,Train employees in proper work procedures
2316,"Train employees on environmental awareness, conservation or safety topics"
2317,Train food preparation or food service staff
2318,Train managerial staff
2319,Train medical providers
2320,Train others in computer interface or software use
2321,Train others in cyber security issues
2322,Train others in operational procedures
2323,Train others on performance techniques
2324,Train others on work processes
2325,"Train patients, family members or caregivers in techniques for managing disabilities or illnesses"
2326,Train sales staff
2327,Train service staff
2328,Train staff
2329,Train staff
2330,Train staff in organisational or compliance procedures
2331,Train staff in technical or scientific procedures
2332,Train staff members
2333,Train staff members in social services skills
2334,Train staff on proper operational procedures
2335,Train staff to improve their skills
2336,Train transportation or material moving staff
2337,"Train workers in farming, forestry, or hunting techniques"
2338,Transaction security and virus protection software
2339,Transcribe spoken or written information
2340,Translate information
2341,Translate information
2342,"Transport animals, crops, or equipment"
2343,Transport biological or other medical materials
2344,Transport clients to appointments
2345,Travel to work sites
2346,"Treat acute illnesses, infections or injuries"
2347,Treat and groom hair
2348,Treat animal injuries or illnesses
2349,"Treat animal injuries or illnesses, perform breeding procedures"
2350,Treat chronic diseases or disorders
2351,Treat dental problems or diseases
2352,Treat facilities to eliminate pests
2353,Treat facilities to eliminate pests
2354,Treat greenery or surfaces with protective substances
2355,Treat medical emergencies
2356,"Treat nails by shaping, decorating or augmenting"
2357,Treat patients using alternative medical procedures
2358,Treat patients using physical techniques
2359,Treat patients using physiotherapy techniques
2360,Treat patients using psychological therapies
2361,Treat patients with physical therapy
2362,Trim clients' hair
2363,Trim excess material from installations
2364,Trim excess material from work pieces
2365,Trim trees or other vegetation
2366,Troubleshoot equipment or systems operation problems
2367,Troubleshoot issues with computer applications or systems
2368,Tutor students who need extra assistance
2369,Type documents
2370,Undertake agricultural or forestry operations
2371,Undertake agricultural processes and tasks
2372,Undertake biological research
2373,Undertake business processes
2374,Undertake community development activities
2375,Undertake criminal and legal investigations
2376,Undertake dispute resolution
2377,Undertake earthworks
2378,Undertake engineering research
2379,Undertake environmental and sustainability research
2380,Undertake environmental sustainability planning or activities
2381,"Undertake financial reporting, documentation and analysis"
2382,Undertake firefighting and related activities
2383,Undertake food preparation
2384,Undertake food service activities
2385,Undertake geological research
2386,Undertake health care documentation
2387,"Undertake health, safety or hazard management and education activities"
2388,Undertake human resources activities
2389,Undertake laboratory operations and analysis
2390,Undertake library activities
2391,Undertake masonry and earth laying
2392,Undertake mortuary or funeral activities
2393,Undertake natural conservation or restoration activities
2394,Undertake or provide professional skill and knowledge development
2395,Undertake project planning
2396,Undertake recruitment activities
2397,Undertake research and analyse data
2398,Undertake scientific research or activities
2399,Undertake textile production
2400,Undertake woodworking or carpentry
2401,Unload materials or equipment
2402,Update computer database information
2403,Update knowledge about emerging industry or technology trends
2404,Update knowledge of legal or regulatory environments
2405,Update knowledge or skills
2406,Update professional knowledge
2407,Update technical knowledge
2408,Update website content
2409,"Use an aircraft to lift, hoist and move heavy or bulky objects"
2410,Use climbing or lifting equipment
2411,Use databases to locate investigation details or other information
2412,Use data to inform operational decisions
2413,Use equipment to climb structures
2414,"Use weapons, firearms or physical force"
2415,Use weapons or physical force to maintain security
2416,Usher patrons to seats or exits
2417,Vehicle operation
2418,Verify accuracy of data
2419,Verify accuracy of data or documents
2420,Verify accuracy of financial information
2421,Verify accuracy of financial or transactional data
2422,Verify accuracy of patient information
2423,Verify accuracy of records
2424,Verify alignment of structures or equipment
2425,Verify and maintain financial records
2426,Verify application data to determine program eligibility
2427,Verify customer credit information
2428,Verify employee information
2429,Verify information or specifications
2430,Verify mathematical calculations
2431,Verify patron or staff credentials
2432,Verify personal information and maintain records
2433,Verify shipping documentation
2434,Verify that medical activities or operations meet standards
2435,Video creation and editing software
2436,Visit individuals in their homes to provide support or information
2437,Voice recognition and response software
2438,Warn individuals about rule violations or safety concerns
2439,Watch equipment in operation to detect malfunctions
2440,Web page creation and editing software
2441,Weigh materials to ensure compliance with specifications
2442,Weigh parcels to determine shipping costs
2443,Weigh products or materials
2444,Weld metal components
2445,Work activities preparation
2446,Work with Indigenous populations to protect heritage sites
2447,Write advertising or promotional material
2448,"Write articles, books or other materials"
2449,Write computer programming code
2450,Write grant proposals
2451,Write informational material
2452,Write material for artistic or entertainment purposes
2453,Write operational reports
2454,Write reports or evaluations
